id_gephi,node,description_n4_eng,x,y,,modularity,mod_label,eccentricity,degree,lon,h_closeness,w_degree,cod_p,cod_p1,component,closeness,eigenvector,weight,clustering,betweenness,group_eng,region_2,lat
242,114,San Juan de los Cayos,-8.688939286,31.19573974,32.39147948,3,Zone 3,11,13,-68.4099445,0.307257469,105245.9,111,11111,0,0.228635682,0.162504743,19045,0.756410256,3.63E-04,Falcon,Acosta,11.1737969
156,64,Barinas,-66.09085922,-59.19195556,-148.3839111,0,Zone 0,12,14,-70.2371045,0.290726232,567900.2,105,10512,0,0.223443223,0.023042625,353851,0.571428571,0.007277622,Barinas,Barinas,8.6231498
175,66,Barinitas,-71.25659638,-54.54229736,-139.0845947,0,Zone 0,12,13,-70.401535,0.289086888,312169,105,10514,0,0.223279649,0.02177307,52872,0.576923077,0.006628416,Barinas,Bolivar,8.7548237
160,295,Campo Elias,-60.5500351,-31.94454956,-93.88909912,0,Zone 0,12,5,-70.0607345,0.261827171,26954,121,12117,0,0.208761123,0.008488328,5331,0.8,0.001085519,Trujillo,Campo Elias,9.3940958
108,170,Santo Domingo,-80.3683136,-50.7053833,-131.4107666,0,Zone 0,13,7,-70.6915699,0.26755959,42247.3,114,11418,0,0.205664194,0.007549234,9441,0.428571429,0.031084583,Merida,Cardenal Quintero,8.8634466
157,67,Barrancas,-62.28031997,-54.34771728,-138.6954346,0,Zone 0,12,19,-70.1158113,0.311819128,302779.4,105,10515,0,0.230188679,0.043964214,26042,0.467836257,0.047868367,Barinas,Cruz Paredes,8.7603327
206,234,Guanare,-50.11864013,-44.56802368,-119.1360474,0,Zone 0,11,25,-69.7286928,0.332923616,842190,118,11814,0,0.239403454,0.093083842,192644,0.43,0.042888414,Portuguesa,Guanare,9.0371279
233,235,Guanarito,-33.83198548,-56.49435424,-142.9887085,0,Zone 0,12,12,-69.2102725,0.282607575,166706.8,118,11815,0,0.215243472,0.028573309,37553,0.636363636,0.002437615,Portuguesa,Guanarito,8.6995484
205,236,Paraiso de Chabasquen,-57.1358036,-30.63085938,-91.26171875,0,Zone 0,12,7,-69.9520561,0.274012963,83494.2,118,11816,0,0.213137666,0.015983817,23744,0.428571429,0.002733948,Portuguesa,Jose Vicente de Unda,9.4312231
290,41,Bruzual,-37.71717338,-79.50823974,-189.0164795,0,Zone 0,13,4,-69.3339418,0.22226685,43203.8,103,10314,0,0.182416268,0.004382437,27542,0.5,6.95E-04,Apure,Munoz,8.047281
292,68,Obispos,-59.47437744,-60.60455322,-151.2091064,0,Zone 0,12,6,-70.0264952,0.251085563,107352.6,105,10516,0,0.20052597,0.012073616,37493,1,0,Barinas,Obispos,8.5831366
232,237,Ospino,-41.60194245,-35.39242554,-100.7848511,0,Zone 0,11,26,-69.4575979,0.341776075,553231.1,118,11817,0,0.248169243,0.140188564,49228,0.52,0.026195421,Portuguesa,Ospino,9.2966318
225,239,Papelon,-41.74234772,-47.92913818,-125.8582764,0,Zone 0,12,16,-69.4620671,0.298368699,157043.5,118,11819,0,0.223607038,0.056090947,16191,0.583333333,0.002888214,Portuguesa,Papelon,8.9420217
245,69,Ciudad Bolivia,-76.77097778,-68.70114136,-167.4022827,0,Zone 0,12,8,-70.5770632,0.264988764,200387.6,105,10517,0,0.206919946,0.013296755,65390,0.714285714,0.032445753,Barinas,Pedraza,8.3537158
109,178,Pueblo Llano,-79.34059067,-48.91049194,-127.8209839,0,Zone 0,13,5,-70.6588564,0.246466694,35122.7,114,11426,0,0.197283312,0.005558892,10730,0.7,0.004751024,Merida,Pueblo Llano,8.9142487
274,70,Libertad,-47.0304657,-69.70202636,-169.4040527,0,Zone 0,12,9,-69.6303931,0.256550044,147284.4,105,10518,0,0.201054713,0.01461553,40126,0.722222222,3.96E-04,Barinas,Rojas,8.3253458
313,43,Elorza,-42.82185058,-114.1516724,-258.3033447,0,Zone 0,14,2,-69.4964288,0.189116057,14363.5,103,10316,0,0.161205074,0.001210828,24418,0,4.47E-06,Apure,Romulo Gallegos,7.0634488
153,240,Boconoito,-57.79062653,-51.29833984,-132.5966797,0,Zone 0,12,23,-69.9728999,0.316206326,325856.5,118,11820,0,0.230015083,0.068647093,23757,0.42687747,0.05335098,Portuguesa,San Genaro de Boconoito,8.8466618
306,242,El Playon,-28.68239651,-42.37341309,-114.7468262,0,Zone 0,12,4,-69.046356,0.248954179,29157.3,118,11822,0,0.202254642,0.011112801,17601,1,0,Portuguesa,Santa Rosalia,9.0992128
275,71,Ciudad de Nutrias,-36.87463532,-77.7394104,-185.4788208,0,Zone 0,13,7,-69.307123,0.241698284,62370,105,10519,0,0.191823899,0.011048847,24142,0.666666667,0.004723077,Barinas,Sosa,8.0974521
246,72,Socopo,-84.49007492,-72.9583435,-175.916687,0,Zone 0,13,7,-70.8227697,0.257076894,183234.5,105,10520,0,0.2,0.009151675,81665,0.571428571,0.061502648,Barinas,Sucre,8.2330314
159,243,Biscucuy,-58.23398666,-33.18450928,-96.36901856,0,Zone 0,12,9,-69.9870124,0.280593523,134544.4,118,11823,0,0.220375723,0.018370137,41037,0.611111111,0.005808342,Portuguesa,Sucre,9.3590477
152,73,Sabaneta,-56.66806069,-54.32357788,-138.6471558,0,Zone 0,12,17,-69.9371673,0.297720767,334458,105,10521,0,0.222141296,0.042643384,41232,0.536764706,0.006688261,Barinas,Torrealba,8.7610161
198,186,Caucagua,55.19172478,-0.15307618,-30.30615236,1,Zone 1,10,25,-66.3765598,0.320520427,988607.5,115,11511,0,0.2271035,0.319928529,87371,0.75,0.031930328,Miranda,Acevedo,10.2914385
253,187,Barlovento,42.93614617,4.8821106,-20.2357788,1,Zone 1,10,26,-66.766667,0.319700755,348458.6,115,11512,0,0.226093403,0.393343215,20981,0.876923077,2.50E-04,Miranda,Andres Bello,10.433333
78,188,Baruta,39.76033172,4.4296875,-21.140625,1,Zone 1,9,39,-66.8677563,0.357802498,3314482.7,115,11513,0,0.245571659,0.645076855,240755,0.793522267,0.004756252,Miranda,Baruta,10.4205866
57,45,San Mateo,22.25928269,-2.94778442,-35.89556884,1,Zone 1,9,50,-67.424832,0.393691127,1469712.3,104,10411,0,0.262027491,0.872998713,38047,0.666122449,0.014608919,Aragua,Bolivar,10.2126546
45,190,Yare,43.57937507,-4.10699462,-38.21398924,1,Zone 1,9,40,-66.7461923,0.358830341,1057080.8,115,11515,0,0.239779874,0.635992222,42597,0.751282051,0.003942666,Miranda,Bolivar,10.1799702
54,189,Higuerote,63.69323731,6.13113404,-17.73773192,1,Zone 1,10,21,-66.1059484,0.307088212,577336.9,115,11514,0,0.220854453,0.24873867,58940,0.761904762,0.013294421,Miranda,Brion,10.468522
55,191,Mamporal,62.76240693,2.6104126,-24.7791748,1,Zone 1,10,20,-66.1355775,0.305448868,361182.4,115,11516,0,0.220694645,0.236741828,27515,0.763157895,0.012859026,Miranda,Buroz,10.3693233
244,46,Camatagua,38.45048675,-17.88555908,-65.77111816,1,Zone 1,10,15,-66.9094499,0.304837367,148617,104,10412,0,0.225591716,0.207638789,16627,0.733333333,2.60E-04,Aragua,Camatagua,9.7912231
25,109,Caracas,38.6340683,6.55966186,-16.88067628,1,Zone 1,9,42,-66.9036063,0.367857143,6530797,109,10911,0,0.248776509,0.712878052,1943901,0.756097561,0.014077317,Distrito Capital,Caracas,10.4805937
241,87,Güigüe,11.06129265,-7.53723144,-45.07446288,1,Zone 1,10,33,-67.7812751,0.361288056,1730770.1,107,10712,0,0.248573757,0.643460262,150277,0.84280303,5.08E-04,Carabobo,Carlos Arvelo,10.0832333
71,192,Carrizal,35.83058395,2.34469604,-25.31060792,1,Zone 1,9,42,-66.992844,0.366491023,1342291.2,115,11517,0,0.24796748,0.730153195,51712,0.778164925,0.009293206,Miranda,Carrizal,10.3618354
79,193,Chacao,40.11116981,7.0309143,-15.9381714,1,Zone 1,9,36,-66.8565887,0.347956024,1340416.4,115,11518,0,0.236617533,0.591279865,64629,0.784126984,0.00265138,Miranda,Chacao,10.4938681
16,88,Mariara,12.99035969,-0.23306274,-30.46612548,1,Zone 1,9,57,-67.719871,0.410071559,3092366.3,107,10713,0,0.26384083,0.976851559,104536,0.5839599,0.029892495,Carabobo,Diego Ibarra,10.2891838
238,194,El Hatillo,42.00560761,3.49234008,-23.01531984,1,Zone 1,10,30,-66.7962869,0.326258132,855662.5,115,11519,0,0.226597325,0.503100505,54225,0.903448276,1.93E-04,Miranda,El Hatillo,10.3941754
20,47,Santa Rita,17.85913124,-3.2408142,-36.4816284,1,Zone 1,9,53,-67.5648932,0.404510799,3493657.5,104,10413,0,0.265911072,0.924295383,123122,0.652394775,0.027907979,Aragua,Francisco Linares Alcantara,10.2043929
21,48,Maracay,16.54835758,-1.82910156,-33.65820312,1,Zone 1,9,52,-67.6066164,0.402871455,4942846.7,104,10414,0,0.265679443,0.906272561,407109,0.634992459,0.019940325,Aragua,Girardot,10.2441931
72,195,Los Teques,34.52052956,1.89715576,-26.20568848,1,Zone 1,9,42,-67.0345443,0.370478793,3316153.8,115,11520,0,0.252274607,0.753236705,252242,0.792102207,0.006709203,Miranda,Guaicaipuro,10.349223
128,197,Santa Teresa del Tuy,44.90112649,-0.88348388,-31.76696776,1,Zone 1,9,44,-66.7041197,0.373594848,2330021.5,115,11522,0,0.250410509,0.724874163,138776,0.721987315,0.01817766,Miranda,Independencia,10.27085
0,49,Santa Cruz,19.63797226,-4.03747558,-38.07495116,1,Zone 1,9,51,-67.5082709,0.399592766,1388436.8,104,10415,0,0.264756944,0.88806069,32981,0.653333333,0.025259653,Aragua,Jose angel Lamas,10.1819305
101,50,La Victoria,25.34844245,-2.73602294,-35.47204588,1,Zone 1,9,48,-67.326501,0.386969815,3131097.9,104,10416,0,0.258474576,0.842600632,143501,0.689716312,0.009041399,Aragua,Jose Felix Ribas,10.218625
116,51,El Consejo,26.93971939,-2.02972412,-34.05944824,1,Zone 1,9,47,-67.2758491,0.385330471,1563803.8,104,10417,0,0.258255715,0.825561307,48800,0.700277521,0.008354656,Aragua,Jose Rafael Revenga,10.2385373
302,146,Altagracia de Orituco,55.28520814,-15.57925415,-61.1585083,1,Zone 1,10,15,-66.3735841,0.301295863,239435.3,112,11218,0,0.221496006,0.136715443,74559,0.457142857,0.016111346,Guarico,Jose Tadeo Monagas,9.8563254
189,147,San Juan De Los Morros,24.25021648,-13.58279419,-57.16558838,1,Zone 1,9,37,-67.3614586,0.360830081,1586527,112,11219,0,0.245769541,0.650388556,126178,0.737237237,0.030732186,Guarico,Juan German Roscio,9.9126704
125,148,El Sombrero,33.67831765,-32.13363647,-94.26727295,1,Zone 1,10,11,-67.0613528,0.290983607,150689.8,112,11220,0,0.219899063,0.082463641,27664,0.527272727,0.012079063,Guarico,Julian Mellado,9.3887516
46,198,Ocumare del Tuy,42.66753388,-6.32061768,-42.64123536,1,Zone 1,9,43,-66.7752171,0.370862607,2272908.6,115,11523,0,0.249590835,0.720836118,144947,0.744186047,0.011118531,Miranda,Lander,10.1175463
30,52,Palo Negro,18.23363113,-4.76153564,-39.52307128,1,Zone 1,9,45,-67.5529725,0.3768293,2661419.2,104,10418,0,0.250410509,0.817346115,114355,0.738383838,0.002059345,Aragua,Libertador,10.1615136
90,199,San Antonio de Los Altos,36.95343475,2.62161254,-24.75677492,1,Zone 1,9,42,-66.9571026,0.366491023,1741552.4,115,11524,0,0.24796748,0.730153195,68255,0.778164925,0.009293206,Miranda,Los Salias,10.3696393
91,53,El Limon,15.89295616,-0.1895752,-30.3791504,1,Zone 1,9,51,-67.6274785,0.396009628,2489572.6,104,10419,0,0.257601351,0.893855607,99852,0.640784314,0.007536915,Aragua,Mario Briceno Iragorry,10.29041
307,54,Ocumare de la Costa,11.44536524,5.83197022,-18.33605956,1,Zone 1,10,13,-67.7690497,0.299497788,84488.6,104,10420,0,0.226765799,0.281810847,12816,0.935897436,1.84E-06,Aragua,Ocumare de la Costa de Oro,10.4600937
234,149,Ortiz,26.47170353,-23.94519043,-77.89038086,1,Zone 1,9,20,-67.2907465,0.322704918,243143.7,112,11221,0,0.232646834,0.310472749,23755,0.636842105,0.039733708,Guarico,Ortiz,9.6201124
158,200,Rio Chico,67.91501542,1.51809692,-26.96380616,1,Zone 1,10,15,-65.971565,0.296978923,295026.1,115,11525,0,0.219740634,0.15497519,37944,0.714285714,0.020414597,Miranda,Paez,10.3385408
179,201,Santa Lucia del Tuy,46.86958809,1.21542358,-27.56915284,1,Zone 1,9,37,-66.6414616,0.350961488,1489788.2,115,11526,0,0.237354086,0.611400384,111197,0.810810811,0.002182205,Miranda,Paz Castillo,10.3300103
18,202,Guarenas,47.64177589,6.05096436,-17.89807128,1,Zone 1,10,33,-66.6168821,0.343040593,2501882.1,115,11527,0,0.236434109,0.504874701,209987,0.793560606,0.070632159,Miranda,Plaza,10.4662629
97,203,Charallave,39.76033172,-3.0064087,-36.0128174,1,Zone 1,9,43,-66.8677563,0.374303929,2219652.6,115,11528,0,0.25374376,0.743185556,117888,0.735326689,0.008942728,Miranda,Rojas,10.2110018
154,55,San Casimiro,35.17556533,-10.50473022,-51.00946045,1,Zone 1,9,36,-67.0136939,0.346714806,526046.2,104,10421,0,0.234615385,0.580057298,25540,0.761904762,0.00176616,Aragua,San Casimiro,9.9995231
17,98,San Joaquin,10.40229664,-1.27154542,-32.54309084,1,Zone 1,10,59,-67.8022516,0.413655998,2254119.7,107,10723,0,0.263157895,1,64124,0.565751023,0.023555673,Carabobo,San Joaquin,10.2599107
155,56,San Sebastian,30.21561927,-12.41607666,-54.83215332,1,Zone 1,9,34,-67.1715739,0.352501952,455411.4,104,10422,0,0.245967742,0.573362223,23279,0.739750446,0.003711508,Aragua,San Sebastian,9.9455938
51,57,Turmero,20.29331531,-2.88012696,-35.76025392,1,Zone 1,9,52,-67.4874107,0.402871455,4203028.2,104,10423,0,0.265679443,0.876797634,211010,0.592760181,0.030863315,Aragua,Santiago Marino,10.2145621
118,58,Las Tejerias,30.3092125,-1.37887574,-32.75775148,1,Zone 1,9,46,-67.1685947,0.380478793,1323258.3,104,10424,0,0.254803676,0.823971472,38574,0.746859903,0.013265861,Aragua,Santos Michelena,10.2568854
26,204,Petare,41.69607124,6.45251464,-17.09497072,1,Zone 1,9,37,-66.8061398,0.349595368,5035452.8,115,11529,0,0.236801242,0.608588673,600351,0.795795796,0.00265138,Miranda,Sucre,10.4775751
1,59,Cagua,21.22950325,-4.26010132,-38.52020264,1,Zone 1,9,50,-67.4576109,0.393691127,2868309.9,104,10425,0,0.262027491,0.868648236,114509,0.657959184,0.01479357,Aragua,Sucre,10.1756523
291,60,Colonia Tovar,26.47170353,3.88040162,-22.23919676,1,Zone 1,9,24,-67.2907465,0.324513401,189961.8,104,10426,0,0.23229246,0.458078423,14161,0.949275362,7.61E-05,Aragua,Tovar,10.4051095
183,205,Cua,39.01185722,-4.42807006,-38.85614012,1,Zone 1,9,40,-66.8915809,0.365398126,2038571.1,115,11530,0,0.248776509,0.690172293,135432,0.766666667,0.004394046,Miranda,Urdaneta,10.1709167
124,61,Barbacoas,36.48558541,-28.86358643,-87.72717285,1,Zone 1,10,12,-66.9719947,0.292440801,135669.9,104,10427,0,0.219582433,0.100530196,21271,0.515151515,0.008028117,Aragua,Urdaneta,9.4811641
199,309,La Guaira,37.76264991,10.88729858,-8.22540284,1,Zone 1,10,34,-66.9313444,0.332815509,2472314,122,12211,0,0.227272727,0.55809014,270792,0.852049911,4.29E-04,Vargas,Vargas,10.6024787
19,206,Guatire,49.48818284,5.81964112,-18.36071776,1,Zone 1,10,31,-66.5581092,0.340308353,2180366.1,115,11531,0,0.236434109,0.462395129,187075,0.776344086,0.056765392,Miranda,Zamora,10.4597466
117,62,Villa de Cura,20.10607567,-9.3765564,-48.7531128,1,Zone 1,9,45,-67.4933707,0.377922196,2575383.2,104,10428,0,0.250822368,0.80143742,144754,0.721212121,0.010011111,Aragua,Zamora,10.0313499
229,163,El Vigia,-110.6501015,-59.49990844,-148.9998169,2,Zone 2,15,20,-71.6554692,0.269933,500011.2,114,11411,0,0.175691244,0.027600458,132681,0.457894737,0.033546809,Merida,Alberto Adriani,8.6144269
49,260,Cordero,-127.1323608,-86.27264404,-202.5452881,2,Zone 2,15,19,-72.1801156,0.234486361,307246.3,120,12011,0,0.153729839,0.033656023,20358,0.807017544,4.61E-04,Tachira,Andres Bello,7.8553585
181,165,Santa Cruz de Mora,-110.2307053,-67.17095948,-164.341919,2,Zone 2,15,15,-71.6421194,0.248089624,198478.7,114,11413,0,0.166575642,0.018720687,24006,0.60952381,0.005618225,Merida,Antonio Pinto Salinas,8.397085
73,261,Las Mesas,-126.8532394,-75.13320922,-180.2664184,2,Zone 2,16,21,-72.1712309,0.245121067,143928.7,120,12012,0,0.15443038,0.035600301,10061,0.604761905,0.002353184,Tachira,Antonio Romulo Costa,8.1713638
37,262,Colon,-129.4580292,-79.80377198,-189.607544,2,Zone 2,16,22,-72.2541441,0.239178031,501425.9,120,12013,0,0.149583129,0.037749865,59335,0.67965368,0.001726064,Tachira,Ayacucho,8.0388983
263,65,El Canton,-99.39072875,-99.58435058,-229.1687012,2,Zone 2,14,6,-71.2970721,0.208771347,48157.5,105,10513,0,0.161290323,0.004927037,16144,0.533333333,0.005501027,Barinas,Blanco,7.4774153
104,263,San Antonio,-135.3779709,-87.59555054,-205.1911011,2,Zone 2,16,14,-72.4425819,0.208751281,377297.1,120,12014,0,0.143664626,0.023522955,61630,0.857142857,7.23E-05,Tachira,Bolivar,7.8178141
47,168,Ejido,-97.6880333,-61.79754638,-153.5950928,2,Zone 2,15,11,-71.2428737,0.23497487,469362.1,114,11416,0,0.164954029,0.013126551,99873,0.745454545,0.001889981,Merida,Campo Elias,8.5493413
14,264,Tariba,-128.2576767,-87.43005372,-204.8601074,2,Zone 2,15,21,-72.2159356,0.248971511,731803.9,120,12015,0,0.164775797,0.034696626,122053,0.642857143,0.01706671,Tachira,Cardenas,7.8225112
249,328,Encontrados,-128.806897,-43.83557129,-117.6711426,2,Zone 2,16,7,-72.233418,0.216213964,106410.3,124,12414,0,0.152043868,0.01178483,40702,0.80952381,3.84E-04,Zulia,Catatumbo,9.0578504
250,329,San Carlos del Zulia,-119.1275299,-45.88043213,-121.7608643,2,Zone 2,16,10,-71.9253141,0.227578783,211171.7,124,12415,0,0.154586923,0.01582812,128729,0.711111111,2.04E-04,Zulia,Colon,8.9999952
126,265,Santa Ana,-130.1964477,-93.75772094,-217.5154419,2,Zone 2,15,16,-72.2776488,0.234841925,318508.4,120,12016,0,0.161975571,0.027112658,33124,0.833333333,0.004954739,Tachira,Cordoba,7.6428856
268,266,El Pinal,-120.2448944,-97.96481324,-225.9296265,2,Zone 2,14,15,-71.9608808,0.233962604,232211.9,120,12017,0,0.166212534,0.021552641,45891,0.6,0.023272842,Tachira,Fernandez Feo,7.5234149
110,267,San Jose de Bolivar,-120.5707626,-84.25189208,-198.5037842,2,Zone 2,17,4,-71.9712536,0.177634293,12631.3,120,12018,0,0.130230572,0.004875127,4127,0.666666667,8.61E-05,Tachira,Francisco de Miranda,7.9127013
74,268,La Fria,-129.3650162,-73.61849976,-177.2369995,2,Zone 2,16,25,-72.2511833,0.252498117,430279,120,12019,0,0.154900965,0.041011553,48476,0.543333333,0.005645598,Tachira,Garcia de Hevia,8.2143135
305,171,Guaraque,-113.1428307,-75.76867676,-181.5373535,2,Zone 2,16,4,-71.7348152,0.193166155,17356.7,114,11419,0,0.143867925,0.004985452,9064,1,0,Merida,Guaraque,8.1533427
15,269,Palmira,-129.2720032,-86.62817382,-203.2563476,2,Zone 2,15,20,-72.2482225,0.236125705,597364.6,120,12020,0,0.153807363,0.035172248,43236,0.773684211,5.47E-04,Tachira,Guasimos,7.845269
92,270,Capacho Nuevo,-130.7601425,-87.29162598,-204.583252,2,Zone 2,15,17,-72.2955915,0.230661224,422405.5,120,12021,0,0.153497735,0.03057382,36964,0.823529412,3.99E-04,Tachira,Independencia,7.8264398
133,271,La Grita,-120.8035217,-76.45739746,-182.9147949,2,Zone 2,16,15,-71.9786626,0.216826557,148914,120,12022,0,0.140229885,0.023312847,41000,0.533333333,0.006100868,Tachira,Jauregui,8.1338118
308,332,Casigua-El Cubo,-138.0111465,-54.84951782,-139.6990356,2,Zone 2,17,7,-72.5263984,0.197736959,57446.2,124,12418,0,0.136709996,0.0127155,30484,0.857142857,1.02E-05,Zulia,Jesus Maria Semprun,8.7461253
236,272,El Cobre,-123.4067871,-80.22085572,-190.4417114,2,Zone 2,16,16,-72.0615269,0.22655508,76597.9,120,12023,0,0.14849075,0.027668762,9879,0.666666667,0.00294266,Tachira,Jose Maria Vargas,8.0270673
239,273,Rubio,-132.8059204,-91.78625488,-213.5725098,2,Zone 2,15,15,-72.3607108,0.21579003,454897.1,120,12024,0,0.148853099,0.024770296,80680,0.838095238,1.26E-04,Tachira,Junin,7.6988579
182,274,Capacho Viejo,-131.6044968,-87.43270874,-204.8654175,2,Zone 2,15,17,-72.3224683,0.230661224,324311.6,120,12025,0,0.153497735,0.03057382,27547,0.823529412,3.99E-04,Tachira,Libertad,7.8224355
149,275,Abejales,-106.2689324,-94.25836182,-218.5167236,2,Zone 2,14,9,-71.5160122,0.23805829,100729.9,120,12026,0,0.178154206,0.010339187,22464,0.472222222,0.054468581,Tachira,Libertador,7.6286704
48,174,Merida,-95.72847061,-61.0744934,-152.1489868,2,Zone 2,15,11,-71.1804988,0.23497487,507116.6,114,11422,0,0.164954029,0.013126551,217537,0.745454545,0.001889981,Merida,Libertador,8.5698244
38,276,Lobatera,-129.2254898,-83.64007568,-197.2801514,2,Zone 2,15,21,-72.2467421,0.242901661,228530.2,120,12027,0,0.154979675,0.036329772,13558,0.676190476,0.003330791,Tachira,Lobatera,7.9300616
103,277,Michelena,-129.1789764,-82.67532348,-195.350647,2,Zone 2,15,21,-72.2452617,0.242901661,263292.6,120,12028,0,0.154979675,0.036329772,19547,0.676190476,0.003330791,Tachira,Michelena,7.9574344
171,176,Santa Elena de Arenales,-104.6371948,-52.25906372,-134.5181274,2,Zone 2,15,18,-71.4640724,0.267243694,202528.3,114,11424,0,0.175086108,0.026118003,24774,0.470588235,0.040173958,Merida,Obispo Ramos de Lora,8.819466
148,177,Santa Maria de Caparo,-104.6906433,-91.2084961,-212.4169922,2,Zone 2,14,4,-71.4657737,0.200028178,13422,114,11425,0,0.159019812,0.003176555,3188,1,0,Merida,Padre Noguera,7.7152601
310,42,Guasdualito,-80.78872604,-107.9482727,-245.8965454,2,Zone 2,15,1,-70.704952,0.165129088,9630.3,103,10315,0,0.138952164,5.40E-04,100125,0,0,Apure,Paez,7.2397806
139,278,Coloncito,-124.3263977,-69.66696166,-169.3339233,2,Zone 2,16,25,-72.0907994,0.257578783,313137.1,120,12029,0,0.157054583,0.039871786,32180,0.463333333,0.01623381,Tachira,Panamericano,8.3263397
105,279,Urena,-135.4089386,-83.93728638,-197.8745728,2,Zone 2,16,17,-72.4435674,0.225298249,327127.4,120,12030,0,0.14813016,0.030926457,51879,0.867647059,1.76E-04,Tachira,Pedro Maria Urena,7.9216285
304,280,Delicias,-135.4554108,-96.38360596,-222.7672119,2,Zone 2,16,4,-72.4450467,0.187221226,13430.1,120,12031,0,0.141794514,0.006508219,5905,0.833333333,8.94E-07,Tachira,Rafael Urdaneta,7.5683211
261,179,Mucuchies,-87.56034165,-54.73269654,-139.4653931,2,Zone 2,14,6,-70.9204993,0.239162895,51059,114,11427,0,0.181872391,0.005173915,19008,0.4,0.007411449,Merida,Rangel,8.7494328
112,180,Bailadores,-116.0075501,-72.13482666,-174.2696533,2,Zone 2,16,14,-71.8260021,0.228891559,140372,114,11428,0,0.152729094,0.018437912,20128,0.571428571,0.001110068,Merida,Rivas Davila,8.2563795
230,281,La Tendida,-116.1472687,-63.37734986,-156.7546997,2,Zone 2,16,21,-71.8304496,0.252059657,181819.2,120,12032,0,0.156651258,0.031534385,17911,0.471428571,0.010214072,Tachira,Samuel Dario Maldonado,8.5045834
132,282,San Cristobal,-128.5784637,-89.23233032,-208.4646606,2,Zone 2,15,20,-72.2261466,0.247332167,708204,120,12033,0,0.164686825,0.033106311,263765,0.663157895,0.012668727,Tachira,San Cristobal,7.7713572
165,283,Umuquena,-123.4565689,-71.74710084,-173.4942017,2,Zone 2,16,22,-72.0631118,0.246760412,99579.3,120,12034,0,0.154508612,0.035980869,7649,0.523809524,0.002484319,Tachira,San Judas Tadeo,8.2673715
240,181,Tabay,-92.18180237,-58.86810302,-147.736206,2,Zone 2,14,7,-71.067605,0.239303411,83817.2,114,11429,0,0.180794309,0.006975738,18037,0.619047619,0.016829291,Merida,Santos Marquina,8.6323221
134,284,Seboruco,-123.7501373,-76.04040528,-182.0808106,2,Zone 2,16,17,-72.0724562,0.230708085,109807,120,12035,0,0.149144254,0.02806574,10243,0.610294118,0.002610817,Tachira,Seboruco,8.1456376
150,285,San Simon,-116.8190414,-68.83834838,-167.6766968,2,Zone 2,16,14,-71.8518326,0.235229056,27065.3,120,12036,0,0.155058465,0.021867355,2445,0.659340659,0.002622906,Tachira,Simon Rodriguez,8.349827
111,286,Queniquea,-121.9672348,-84.09051514,-198.1810303,2,Zone 2,17,2,-72.0157046,0.16385372,10349.1,120,12037,0,0.123083132,0.001876676,7320,1,0,Tachira,Sucre,7.9172808
215,182,Lagunillas,-102.5388954,-63.37911988,-156.7582398,2,Zone 2,15,12,-71.3972815,0.235521318,291151.5,114,11430,0,0.164864865,0.014833497,55840,0.772727273,8.91E-04,Merida,Sucre,8.5045334
127,287,San Josecito,-128.4348038,-93.18560792,-216.3712158,2,Zone 2,15,17,-72.2215739,0.237027717,510804.1,120,12038,0,0.162147794,0.027614891,49577,0.75,0.007146827,Tachira,Torbes,7.6591294
113,183,Tovar,-113.911496,-69.6107483,-169.2214966,2,Zone 2,16,13,-71.7592825,0.232879329,347055.4,114,11431,0,0.154822335,0.017130658,113447,0.705128205,0.002135377,Merida,Tovar,8.3279334
264,74,Santa Barbara,-95.56066818,-87.72970582,-205.4594116,2,Zone 2,13,6,-71.1751576,0.231127825,96053.3,105,10522,0,0.180901542,0.004619502,53580,0.533333333,0.03289235,Barinas,Zamora,7.8140067
120,185,Zea,-114.7033905,-67.76434326,-165.5286865,2,Zone 2,16,17,-71.7844893,0.240966761,121515.3,114,11433,0,0.155453619,0.023606495,11162,0.588235294,0.003027697,Merida,Zea,8.3802672
220,123,Chichiriviche,-4.521396733,22.73849488,15.47698976,3,Zone 3,11,26,-68.2772875,0.341027961,222496.2,111,11120,0,0.235885538,0.365309251,19300,0.701538462,0.004626882,Falcon,Iturriza,10.9360102
201,127,Yaracal,-12.95011969,24.01080322,18.02160644,3,Zone 3,11,28,-68.5455821,0.348568945,169699.1,111,11124,0,0.238841034,0.367768119,10874,0.624338624,0.047834119,Falcon,Manaure,10.9717949
172,129,Palma Sola,-13.04377041,13.7088623,-2.5822754,3,Zone 3,11,21,-68.5485631,0.322541102,87886.5,111,11126,0,0.234976888,0.256922705,7077,0.80952381,3.15E-04,Falcon,Palma Sola,10.6819201
202,133,Tucacas,-5.912377882,17.45587158,4.91174316,3,Zone 3,10,42,-68.3215638,0.386462399,598436.8,111,11130,0,0.262252794,0.639536512,32193,0.573751452,0.043550355,Falcon,Silva,10.7873856
52,231,Agua Blanca,-30.38141327,-22.42279053,-74.84558106,3,Zone 3,11,31,-69.1004374,0.355265536,456060.2,118,11811,0,0.251857969,0.273935443,20717,0.55483871,0.016703864,Portuguesa,Agua Blanca,9.6631104
211,154,Sanare,-47.68556328,-19.21817017,-68.43634033,3,Zone 3,11,15,-69.6512455,0.313313936,305580.2,113,11311,0,0.235703246,0.136095083,47245,0.780952381,0.002792946,Lara,Andres Eloy Blanco,9.753601
123,100,Cojedes,-23.53229771,-22.98355103,-75.96710205,3,Zone 3,11,23,-68.8824233,0.342150782,288899.8,108,10811,0,0.250205086,0.193049425,17030,0.671936759,0.012602927,Cojedes,Anzoategui,9.6472729
53,232,Araure,-34.14448471,-25.30239868,-80.60479736,3,Zone 3,11,36,-69.2202196,0.363797932,1190593.7,118,11812,0,0.253322259,0.303979697,151334,0.457142857,0.038173049,Portuguesa,Araure,9.5817762
293,63,Arismendi,-7.471452427,-64.27307128,-158.5461426,3,Zone 3,12,1,-68.3711907,0.202841767,7303,105,10511,0,0.175995384,0.001244292,23727,0,0,Barinas,Arismendi,8.4792044
12,310,San Pablo,-22.50222646,-1.647583,-33.295166,3,Zone 3,11,39,-68.8496351,0.375956402,651475.8,123,12311,0,0.255443886,0.520129064,20485,0.643724696,0.004849013,Yaracuy,Bastidas,10.2493103
75,86,Bejuma,-3.959482097,-4.20724488,-38.41448976,3,Zone 3,10,45,-68.2594012,0.388398387,1012887.1,107,10711,0,0.262704565,0.772319626,48538,0.647474747,0.008058203,Carabobo,Bejuma,10.1771427
258,311,Aroa,-23.86004562,4.80673218,-20.38653564,3,Zone 3,11,15,-68.8928558,0.301315497,172844.3,123,12312,0,0.228807202,0.17641347,31185,0.933333333,5.77E-06,Yaracuy,Bolivar,10.4312095
29,312,Chivacoa,-24.00050583,-4.91314698,-39.82629396,3,Zone 3,11,41,-68.8973268,0.379235091,1387344,123,12313,0,0.255872483,0.538805067,69732,0.63902439,0.005122539,Yaracuy,Bruzual,10.1572383
13,313,Cocorote,-20.50846882,0.73571778,-28.52856444,3,Zone 3,10,38,-68.7861718,0.377288577,883550.6,123,12314,0,0.259795571,0.518225132,41481,0.611664296,0.006467842,Yaracuy,Cocorote,10.31649
276,155,Duaca,-32.42761002,-0.32907104,-30.65814208,3,Zone 3,11,25,-69.1655698,0.327494263,452515.7,113,11312,0,0.237169518,0.256111274,49958,0.786666667,2.52E-04,Lara,Crespo,10.286478
61,233,Piritu,-33.83198548,-32.85665894,-95.71331787,3,Zone 3,11,22,-69.2102725,0.334125801,503961.5,118,11813,0,0.246763754,0.146885943,44945,0.658008658,0.00632058,Portuguesa,Esteller,9.3683151
294,103,El Baul,-5.083311368,-47.29415894,-124.5883179,3,Zone 3,11,6,-68.2951738,0.26700246,30100.1,108,10814,0,0.213435969,0.036201289,11906,0.666666667,0.005433908,Cojedes,Girardot,8.9599915
66,89,Guacara,7.55929327,-1.10165406,-32.20330812,3,Zone 3,10,55,-67.8927472,0.413808223,3498505,107,10714,0,0.272321429,0.942729427,176218,0.585858586,0.025749961,Carabobo,Guacara,10.2646995
82,314,Independencia,-17.16438675,2.35644532,-25.28710936,3,Zone 3,10,40,-68.6797264,0.384795733,1196844.5,123,12315,0,0.268485915,0.581485275,57811,0.670512821,0.00645513,Yaracuy,Independencia,10.3621669
140,156,Barquisimeto,-38.1384304,-8.08538818,-46.17077636,3,Zone 3,11,33,-69.3473509,0.362837745,1939124.7,113,11313,0,0.255230126,0.320058829,996230,0.606060606,0.009541336,Lara,Iribarren,10.0677719
212,157,Quibor,-46.56252708,-12.92288208,-55.84576416,3,Zone 3,11,23,-69.6154982,0.336670688,850147,113,11314,0,0.247766044,0.238720876,100997,0.794466403,0.003256649,Lara,Jimenez,9.9312927
114,90,Moron,-1.992791605,6.97671508,-16.04656984,3,Zone 3,10,51,-68.1967995,0.402879261,1488106.4,107,10715,0,0.26801406,0.809061089,69236,0.571764706,0.023568158,Carabobo,Juan Jose Mora,10.4923415
22,315,Boraure,-20.06746387,-1.83413696,-33.66827392,3,Zone 3,10,39,-68.7721342,0.378108249,583122.1,123,12316,0,0.259574468,0.548927168,17200,0.689608637,0.004141058,Yaracuy,La Trinidad,10.2440512
41,91,Tocuyito,1.627347278,-6.69955444,-43.39910888,3,Zone 3,10,52,-68.0815669,0.40848816,2910482.4,107,10716,0,0.273542601,0.835888193,166166,0.549773756,0.030714838,Carabobo,Libertador,10.1068596
119,104,Macapo,-9.625466252,-16.69680786,-63.39361572,3,Zone 3,10,31,-68.4397551,0.359713765,201477.9,108,10815,0,0.254590985,0.491268224,9454,0.625806452,0.012604773,Cojedes,Lima Blanco,9.8247812
89,92,Los Guayos,6.810142423,-4.03024292,-38.06048584,3,Zone 3,10,53,-67.9165934,0.403819932,3164389.1,107,10717,0,0.261802575,0.913486785,149606,0.596516691,0.01257658,Carabobo,Los Guayos,10.1821342
137,93,Miranda,-8.451610565,-5.162323,-40.324646,3,Zone 3,10,40,-68.4023901,0.374737184,621419.9,107,10718,0,0.257383966,0.672196886,29092,0.683333333,0.005282967,Carabobo,Miranda,10.1502113
173,316,Yumare,-17.00049992,10.70071412,-8.59857176,3,Zone 3,11,25,-68.6745097,0.337755778,215024,123,12317,0,0.241488519,0.347630226,13180,0.86,1.28E-04,Yaracuy,Monge,10.5972247
76,94,Montalban,-6.019835758,-2.92321778,-35.84643556,3,Zone 3,10,40,-68.3249843,0.374737184,562979.1,107,10719,0,0.257383966,0.694282652,24908,0.68974359,0.004892287,Carabobo,Montalban,10.2133466
213,158,El Tocuyo,-52.17722397,-18.15588379,-66.31176758,3,Zone 3,11,15,-69.7942195,0.313313936,510733.1,113,11315,0,0.235703246,0.136095083,123880,0.780952381,0.002792946,Lara,Moran,9.783592
33,95,Naguanagua,3.626188659,-0.97323608,-31.94647216,3,Zone 3,10,52,-68.0179418,0.406649753,3048615.8,107,10720,0,0.269911504,0.873955028,157437,0.591251885,0.020282324,Carabobo,Naguanagua,10.2683199
174,317,Nirgua,-13.51202831,-4.96322632,-39.92645264,3,Zone 3,10,34,-68.5634682,0.366632839,879649.9,123,12318,0,0.255443886,0.520542511,58932,0.766488414,0.001532371,Yaracuy,Nirgua,10.1558257
86,318,Sabana de Parra,-28.46094131,-6.24417114,-42.48834228,3,Zone 3,11,36,-69.0393069,0.377919712,500725.1,123,12319,0,0.263157895,0.421562166,19673,0.565079365,0.037503751,Yaracuy,Paez,10.1197024
107,238,Acarigua,-32.89573746,-26.41433716,-82.82867432,3,Zone 3,11,31,-69.1804708,0.355054763,964330.1,118,11818,0,0.252066116,0.249283997,177175,0.486021505,0.02670412,Portuguesa,Paez,9.5503646
141,159,Cabudare,-35.14269218,-9.80657958,-49.61315916,3,Zone 3,11,38,-69.2519936,0.374859603,1739624.1,113,11316,0,0.259795571,0.390108464,174099,0.563300142,0.02209138,Lara,Palavecino,10.0192191
243,101,El Pao,0.114353152,-23.27719116,-76.55438232,3,Zone 3,11,16,-68.129727,0.31819684,133042.4,108,10812,0,0.236434109,0.17875786,16810,0.716666667,7.86E-04,Cojedes,Pao de San Juan Bautista,9.6389796
68,319,Yaritagua,-30.96819992,-7.7822876,-45.5645752,3,Zone 3,11,39,-69.1191154,0.383657417,1449650.4,123,12320,0,0.264298094,0.429004222,101620,0.55465587,0.031245919,Yaracuy,Pena,10.0763215
115,96,Puerto Cabello,3.251597785,6.17538452,-17.64923096,3,Zone 3,10,49,-68.0298654,0.3987809,2086707.3,107,10721,0,0.267075306,0.798606256,182493,0.602040816,0.013331169,Carabobo,Puerto Cabello,10.4697685
192,105,Libertad,-17.49215527,-33.20556641,-96.41113281,3,Zone 3,11,17,-68.6901596,0.317541102,123263.6,108,10816,0,0.235158057,0.136553819,12657,0.779411765,7.19E-04,Cojedes,Ricaurte,9.3584526
161,106,Las Vegas,-15.57234421,-27.18029785,-84.3605957,3,Zone 3,11,18,-68.6290501,0.324808861,203922.5,108,10817,0,0.23828125,0.158861855,18297,0.732026144,0.001174316,Cojedes,Romulo Gallegos,9.5287247
93,107,San Carlos,-14.07190103,-22.53665161,-75.07330322,3,Zone 3,10,31,-68.5812895,0.365239396,1034931.5,108,10818,0,0.257383966,0.377123399,106760,0.52688172,0.037508095,Cojedes,San Carlos,9.6598946
34,97,San Diego,5.353643704,-1.30337524,-32.60675048,3,Zone 3,10,56,-67.9629552,0.415447567,2628502.5,107,10722,0,0.27256479,0.941546621,93257,0.569480519,0.037439119,Carabobo,San Diego,10.2590131
59,320,San Felipe,-19.22464427,1.57669068,-26.84661864,3,Zone 3,10,35,-68.7453064,0.371550872,1268696,123,12321,0,0.258693808,0.50938664,100759,0.700840336,0.002714471,Yaracuy,San Felipe,10.3401921
77,241,San Rafael de Onoto,-26.34149837,-22.59567261,-75.19134522,3,Zone 3,11,23,-68.9718429,0.338606676,283502.4,118,11821,0,0.246166263,0.203915561,17623,0.679841897,0.001580249,Portuguesa,San Rafael de Onoto,9.6582276
180,160,Sarare,-32.42761002,-17.96105957,-65.92211914,3,Zone 3,11,35,-69.1655698,0.354945473,621338.5,113,11317,0,0.247766044,0.309101103,35802,0.534453782,0.011018978,Lara,Simon Planas,9.7890923
35,321,Guama,-21.47214488,-0.88110352,-31.76220704,3,Zone 3,10,39,-68.8168466,0.378927921,561542.1,123,12322,0,0.26001705,0.530675435,18988,0.620782726,0.00648266,Yaracuy,Sucre,10.2709173
94,108,Tinaco,-9.484987163,-20.84655762,-71.69311524,3,Zone 3,10,36,-68.4352835,0.377418683,628135,108,10819,0,0.26452732,0.514598967,32564,0.53968254,0.043546606,Cojedes,Tinaco,9.7076223
167,102,Tinaquillo,-5.474841786,-13.57525635,-57.1505127,3,Zone 3,10,38,-68.3076366,0.374631798,1333393.1,108,10813,0,0.259353741,0.630006558,97687,0.620199147,0.028226746,Cojedes,Tinaquillo,9.9128832
62,244,Villa Bruzual,-30.8359314,-34.17590332,-98.35180664,3,Zone 3,11,17,-69.1149051,0.321776075,457842.7,118,11824,0,0.242063492,0.11871616,62947,0.838235294,0.001358651,Portuguesa,Turen,9.3310239
36,322,Urachiche,-27.50054398,-4.84255982,-39.68511964,3,Zone 3,11,38,-69.0087365,0.380651953,628523.2,123,12323,0,0.263385147,0.471892516,21966,0.60170697,0.051746599,Yaracuy,Urachiche,10.1592286
42,99,Valencia,4.277484799,-4.88858032,-39.77716064,3,Zone 3,10,56,-67.9972104,0.415447567,5301835.5,107,10724,0,0.27256479,0.935404652,829856,0.55974026,0.030582698,Carabobo,Valencia,10.1579312
83,323,Farriar,-13.32472601,6.09838868,-17.80322264,3,Zone 3,10,43,-68.5575062,0.38859745,737629.4,123,12324,0,0.267075306,0.63402294,27840,0.624584718,0.011630174,Yaracuy,Veroes,10.4675987
60,324,San Felipe,-19.22464427,1.57669068,-26.84661864,3,Zone 3,10,35,-68.7453064,0.371550872,1263794.7,123,12325,0,0.258693808,0.50938664,100759,0.700840336,0.002714471,Yaracuy,Yaracuy,10.3401921
299,115,San Luis,-47.87272912,29.03753662,28.07507324,4,Zone 4,12,6,-69.6572032,0.231854257,28643,111,11112,0,0.185636032,0.007608799,8539,0.6,0.001315577,Falcon,Bolivar,11.1131343
193,116,Capatarida,-78.15581131,31.19436646,32.38873292,4,Zone 4,13,8,-70.6211438,0.249884596,82762.8,111,11113,0,0.194020356,0.007872666,22897,0.642857143,0.011132393,Falcon,Buchivacoa,11.1737576
163,117,Punto Fijo,-64.33777084,50.34622192,70.69244384,4,Zone 4,12,7,-70.1813018,0.234629432,277017.4,111,11114,0,0.18723143,0.007354207,239444,0.857142857,3.50E-05,Falcon,Carirubana,11.711511
99,118,La Vela de Coro,-44.97148705,41.34777832,52.69555664,4,Zone 4,12,17,-69.5648538,0.289656755,275522.7,111,11115,0,0.212100139,0.02700811,41510,0.419117647,0.040480815,Falcon,Colina,11.4589762
194,119,Dabajuro,-80.01378479,25.6676941,21.3353882,4,Zone 4,13,10,-70.680285,0.253709733,114296,111,11116,0,0.194391332,0.009874625,23388,0.555555556,0.026457839,Falcon,Dabajuro,11.0183905
208,120,Pedregal,-62.37384797,25.86825562,21.73651124,4,Zone 4,13,7,-70.1187883,0.237050873,38498.9,111,11117,0,0.186316432,0.006919872,9944,0.761904762,0.001566897,Falcon,Democracia,11.0240298
280,121,Pueblo Nuevo,-56.01319999,58.8454895,87.690979,4,Zone 4,12,7,-69.9163225,0.234629432,134461,111,11118,0,0.18723143,0.007354207,46215,0.857142857,3.50E-05,Falcon,Falcon,11.9498242
296,122,Churuguara,-44.22273102,18.36172486,6.72344972,4,Zone 4,13,4,-69.5410202,0.191866121,27148.6,111,11119,0,0.160020986,0.002289221,29251,0.166666667,6.63E-05,Falcon,Federacion,10.8128768
222,124,Jacura,-22.70571728,27.64086914,25.28173828,4,Zone 4,11,11,-68.8561124,0.296450808,58621.7,111,11121,0,0.221979622,0.06823617,11232,0.6,0.008353835,Falcon,Jacura,11.0738705
164,125,Santa Cruz de Los Taques,-66.67550354,54.30844116,78.61688232,4,Zone 4,13,5,-70.2557142,0.2175726,150003.3,111,11122,0,0.175489068,0.004926569,41579,1,0,Falcon,Los Taques,11.8226346
279,126,Mene de Mauroa,-91.14297638,13.64846802,-2.70306396,4,Zone 4,13,13,-71.034538,0.240408926,170141,111,11123,0,0.183183183,0.01229114,24920,0.615384615,0.015264828,Falcon,Mauroa,10.68022
100,128,Santa Ana de Coro,-48.621389,39.05532836,48.11065672,4,Zone 4,12,15,-69.6810338,0.266346841,371742.7,111,11125,0,0.201986755,0.015809101,211537,0.457142857,0.00740814,Falcon,Miranda,11.394604
10,130,Cabure,-47.08327561,29.62530518,29.25061036,4,Zone 4,12,7,-69.6320741,0.233493601,60462.1,111,11127,0,0.185749086,0.008268106,13725,0.714285714,0.001315577,Falcon,Petit,11.1296567
87,131,Piritu,-31.53815003,37.9835205,45.967041,4,Zone 4,11,13,-69.1372574,0.290127623,82936.8,111,11128,0,0.216158753,0.051266402,10628,0.576923077,0.007779297,Falcon,Piritu-F,11.364503
210,132,Mirimire,-18.61593475,30.79852294,31.59704588,4,Zone 4,11,13,-68.7259306,0.303170818,83568.2,111,11129,0,0.225591716,0.103537282,11030,0.615384615,0.008115433,Falcon,San Francisco,11.1626327
11,134,La Cruz de Taratara,-49.65075988,27.17211914,24.34423828,4,Zone 4,12,7,-69.7137997,0.233493601,35509.2,111,11131,0,0.185749086,0.008268106,5781,0.714285714,0.001315577,Falcon,Sucre,11.0606917
88,135,Tocopero,-35.34443206,42.85839844,55.71679688,4,Zone 4,11,14,-69.2584151,0.293952759,54601.2,111,11132,0,0.217546362,0.047881584,5519,0.450549451,0.027486109,Falcon,Tocopero,11.5013868
297,136,Santa Cruz de Bucaral,-35.70441284,19.11917114,8.23834228,4,Zone 4,12,2,-69.2698737,0.220776973,13149.6,111,11133,0,0.182307233,0.002523801,15660,0,0.001444725,Falcon,Union,10.83419
209,137,Urumaco,-66.72225722,32.19180298,34.38360596,4,Zone 4,12,10,-70.2572024,0.252753294,56040.7,111,11134,0,0.197411003,0.009799762,8349,0.6,0.014821304,Falcon,Urumaco,11.2017893
162,138,Puerto Cumarebo,-38.23204423,42.324646,54.649292,4,Zone 4,12,14,-69.3503307,0.276329927,179690.2,111,11135,0,0.203877005,0.023903159,33210,0.428571429,0.006624793,Falcon,Zamora,11.4864025
151,327,Cabimas,-104.8009323,3.3294983,-23.3410034,4,Zone 4,14,12,-71.4692843,0.236828781,1141171,124,12413,0,0.174485126,0.013983499,263056,0.803030303,0.001391613,Zulia,Cabimas,10.3895862
204,339,Sinamaica,-116.9389847,28.00015258,26.00030516,4,Zone 4,15,5,-71.8556507,0.196636096,217635,124,12425,0,0.155691679,0.004931738,65545,1,0,Zulia,Guajira,11.0839714
221,331,La Concepcion,-116.240419,12.21780396,-5.56439208,4,Zone 4,14,13,-71.8334145,0.218788188,783334.3,124,12417,0,0.164686825,0.011645078,118756,0.679487179,2.94E-04,Zulia,Jesus Enrique Lossada,10.6399421
226,333,Concepcion,-112.0479675,4.18322754,-21.63354492,4,Zone 4,14,12,-71.6999646,0.234916213,548521.9,124,12419,0,0.174086758,0.012653742,82210,0.818181818,8.81E-04,Zulia,La Canada de Urdaneta,10.4136422
39,334,Ciudad Ojeda,-99.83385544,-2.6347351,-35.2694702,4,Zone 4,14,12,-71.3111773,0.240626596,858382.2,124,12420,0,0.175995384,0.01544369,203435,0.757575758,0.002835639,Zulia,Lagunillas,10.2214803
272,335,Machiques,-138.7544952,-8.3420105,-46.684021,4,Zone 4,15,3,-72.5500596,0.191280905,138252.5,124,12421,0,0.155058465,0.002651932,122734,1,0,Zulia,Machiques de Perija,10.0605329
203,336,San Rafael de El Mojan,-113.0729507,23.34259034,16.68518068,4,Zone 4,15,8,-71.7325908,0.201554129,605310.2,124,12422,0,0.15593047,0.007774668,207221,0.892857143,1.07E-05,Zulia,Mara,10.9530016
142,337,Maracaibo,-109.3013374,12.31600952,-5.36798096,4,Zone 4,14,14,-71.6125366,0.249464743,2050753,124,12423,0,0.183073229,0.013915027,1459448,0.681318681,0.004822591,Zulia,Maracaibo,10.642707
121,338,Los Puertos de Altagracia,-106.1756996,13.45022584,-3.09954832,4,Zone 4,14,14,-71.5130445,0.249464743,693520.6,124,12424,0,0.183073229,0.014075066,97463,0.67032967,0.006401032,Zulia,Miranda,10.6746391
273,340,Villa del Rosario,-131.6761414,0.66296386,-28.67407228,4,Zone 4,15,7,-72.3247486,0.199914785,287683.1,124,12426,0,0.155850792,0.006644565,85006,0.80952381,3.19E-05,Zulia,Rosario de Perija,10.3144392
143,341,San Francisco,-111.7684067,8.8505249,-12.2989502,4,Zone 4,14,15,-71.691066,0.251104087,1882921.1,124,12427,0,0.183183183,0.014287103,446757,0.60952381,0.01000152,Zulia,San Francisco,10.5451205
122,342,Santa Rita,-105.4297829,9.5694275,-10.861145,4,Zone 4,14,16,-71.4893013,0.254656,689795.1,124,12428,0,0.18373494,0.016494001,59866,0.575,0.015382467,Zulia,Santa Rita,10.5653665
40,343,Tia Juana,-101.5129166,-1.19085694,-32.38171388,4,Zone 4,14,12,-71.3646236,0.240626596,457054.3,124,12429,0,0.175995384,0.01544369,43831,0.757575758,0.002835639,Zulia,Simon Bolivar,10.2621857
170,164,La Azulita,-103.9844284,-56.01672364,-142.0334473,5,Zone 5,15,8,-71.4432943,0.240686317,62822.3,114,11412,0,0.171734234,0.013379445,14238,0.75,0.001150348,Merida,Andres Bello,8.7130746
247,289,Santa Isabel,-84.05818862,-23.62097168,-77.24194336,5,Zone 5,14,22,-70.8090222,0.278898779,184493.8,121,12111,0,0.193160228,0.043683077,14699,0.718614719,0.007069282,Trujillo,Andres Bello,9.62927
278,326,San Timoteo,-92.08845977,-18.01547241,-66.03094482,5,Zone 5,14,20,-71.0646337,0.277727819,370636.9,124,12412,0,0.193650794,0.038939177,89847,0.647368421,0.012506438,Zulia,Baralt,9.787556
289,290,Bocono,-66.48849563,-36.91995239,-103.8399048,5,Zone 5,13,7,-70.2497616,0.257020948,98670.9,121,12112,0,0.199476782,0.011170251,83176,0.380952381,0.008509052,Trujillo,Bocono,9.2534438
23,291,Sabana Grande,-83.7377861,-31.55090332,-93.10180664,5,Zone 5,14,22,-70.7988236,0.290811347,238130.8,121,12113,0,0.198051948,0.042923558,15285,0.658008658,0.024633881,Trujillo,Bolivar,9.4052212
256,292,Chejende,-69.89674988,-24.04452515,-78.08905029,5,Zone 5,13,18,-70.3582497,0.290574162,207115.4,121,12114,0,0.213435969,0.038157711,27811,0.816993464,0.017103252,Trujillo,Candelaria,9.6173065
186,169,Tucani,-98.66769104,-47.01467896,-124.0293579,5,Zone 5,15,14,-71.2740573,0.254511454,163428.9,114,11417,0,0.173295455,0.025015092,27632,0.571428571,0.011729766,Merida,Caracciolo Parra Olmedo,8.9679001
298,293,Carache,-65.92680589,-23.72390747,-77.44781494,5,Zone 5,13,11,-70.2318825,0.271885637,107468.3,121,12115,0,0.208191126,0.023904325,27358,0.836363636,0.004433916,Trujillo,Carache,9.6263628
4,294,Carvajal,-76.30372924,-31.71594238,-93.43188476,5,Zone 5,14,22,-70.5621902,0.283652877,614498.8,121,12116,0,0.195387572,0.042503285,55409,0.701298701,0.003437981,Trujillo,Carvajal,9.400557
67,296,Escuque,-79.84768523,-35.35186768,-100.7037354,5,Zone 5,14,22,-70.6749978,0.277532659,370643.2,121,12118,0,0.193282636,0.043386495,27128,0.761904762,9.19E-04,Trujillo,Escuque,9.2977788
131,172,Arapuey,-88.61549607,-36.67260742,-103.3452148,5,Zone 5,14,23,-70.9540859,0.286712986,216651.2,114,11420,0,0.195889531,0.044575156,14666,0.687747036,0.017683186,Merida,Julio Cesar Salas,9.2604372
191,173,Torondoy,-90.37742843,-44.48602295,-118.9720459,5,Zone 5,15,11,-71.01017,0.241342055,39084.5,114,11421,0,0.170964126,0.020572944,4895,0.781818182,1.66E-04,Merida,Justo Briceno,9.039448
207,297,Santa Apolonia,-90.51228562,-29.17370605,-88.34741211,5,Zone 5,14,21,-71.0144626,0.278297686,205605.7,121,12119,0,0.193650794,0.042577563,19031,0.776190476,0.003118707,Trujillo,La Ceiba,9.472401
277,298,El Paradero,-77.95075837,-18.57260132,-67.14520264,5,Zone 5,13,20,-70.6146167,0.301909056,60772.1,121,12120,0,0.217701642,0.042293894,4551,0.794736842,0.032341858,Trujillo,Marquez Canizales,9.7718274
303,175,Timotes,-82.09660034,-46.46664429,-122.9332886,5,Zone 5,14,14,-70.7465829,0.265705961,114991,114,11423,0,0.192429022,0.026831662,21882,0.67032967,0.008177124,Merida,Miranda,8.9834077
135,299,El Dividive,-81.87753296,-29.0748291,-88.1496582,5,Zone 5,14,22,-70.7396098,0.283215719,279932.6,121,12121,0,0.195387572,0.042662129,21305,0.675324675,0.004706094,Trujillo,Miranda,9.4751953
309,300,Monte Carmelo,-84.16753693,-39.22244263,-108.4448853,5,Zone 5,14,8,-70.8125029,0.237649755,45671,121,12122,0,0.183403488,0.017532965,12606,0.892857143,2.52E-06,Trujillo,Monte Carmelo,9.1883344
58,301,Motatan,-77.28493194,-31.98059082,-93.96118164,5,Zone 5,14,21,-70.5934229,0.278352331,288093.1,121,12123,0,0.193773825,0.041099598,19777,0.704761905,0.001450998,Trujillo,Motatan,9.3930767
136,302,Pampan,-73.59342957,-29.92553711,-89.85107422,5,Zone 5,13,23,-70.4759186,0.312072991,517329.7,121,12124,0,0.220694645,0.044802099,47549,0.644268775,0.039979452,Trujillo,Pampan,9.4511558
5,303,Pampanito,-74.29441223,-31.33044434,-92.66088867,5,Zone 5,13,23,-70.4982316,0.312072991,487822,121,12125,0,0.220694645,0.044802099,31836,0.644268775,0.039979452,Trujillo,Pampanito,9.4114519
24,304,Betijoque,-81.67622224,-32.44995117,-94.89990234,5,Zone 5,14,24,-70.7332019,0.286494407,381517.5,121,12126,0,0.19563823,0.046509686,22153,0.702898551,0.004392602,Trujillo,Rangel,9.3798105
96,344,Bobures,-95.30851822,-37.50042725,-105.0008545,5,Zone 5,15,15,-71.1671315,0.250303804,235321.5,124,12430,0,0.172316384,0.028880416,60819,0.723809524,9.98E-04,Zulia,Sucre,9.2370306
50,305,Sabana de Mendoza,-82.84389725,-30.36239624,-90.72479248,5,Zone 5,14,21,-70.7703703,0.281576374,334716.2,121,12127,0,0.195262484,0.041385032,30715,0.7,0.003818367,Trujillo,Sucre,9.4388103
300,161,Carora,-60.95952301,-4.05490112,-38.10980224,5,Zone 5,12,14,-70.073769,0.319531852,440951.8,113,11318,0,0.24015748,0.077691513,185275,0.384615385,0.14634679,Lara,Torres,10.1814384
106,306,Trujillo,-72.37831421,-33.27642822,-96.55285644,5,Zone 5,14,21,-70.4372404,0.277126726,492225.8,121,12128,0,0.1934052,0.040715428,60473,0.742857143,0.001553405,Trujillo,Trujillo,9.3564497
95,184,Nueva Bolivia,-92.77369079,-41.01757813,-112.0351563,5,Zone 5,14,20,-71.0864454,0.282591207,290829,114,11432,0,0.195012788,0.038817353,34030,0.647368421,0.042025356,Merida,Tulio Febres Cordero,9.1375643
317,162,Siquisique,-49.09084853,9.81491088,-10.37017824,5,Zone 5,13,1,-69.6959772,0.230293131,24593.6,113,11319,0,0.193773825,0.002533285,61381,0,0,Lara,Urdaneta,10.5722804
282,307,La Quebrada,-76.79433746,-40.43829346,-110.8765869,5,Zone 5,14,15,-70.5778068,0.26032735,185020.5,121,12129,0,0.189558732,0.031821371,33620,0.914285714,6.18E-05,Trujillo,Urdaneta,9.1539482
63,308,Valera,-77.59521331,-34.59729004,-99.19458008,5,Zone 5,14,22,-70.6032995,0.279991675,851575.3,121,12130,0,0.193897012,0.043260029,250000,0.727272727,0.001456135,Trujillo,Valera,9.3191109
252,345,Bachaquero,-94.23525695,-11.73309326,-53.46618652,5,Zone 5,14,21,-71.1329685,0.279367163,413587.1,124,12431,0,0.193773825,0.036591403,52624,0.504761905,0.027606791,Zulia,Valmore Rodriguez,9.9648655
254,207,San Antonio de Maturin,138.463028,-6.25552368,-42.51104736,6,Zone 6,14,8,-63.7259518,0.198935009,84167.9,116,11611,0,0.141465677,0.007535718,18218,0.75,2.82E-04,Monagas,Acosta,10.1193825
145,208,Aguasay,138.3460922,-30.90426636,-91.80853272,6,Zone 6,13,12,-63.7296742,0.223938957,95060.5,116,11612,0,0.155216285,0.01360323,11856,0.621212121,0.001751163,Monagas,Aguasay,9.4234961
168,17,Anaco,115.1691147,-30.70141602,-91.40283203,6,Zone 6,12,21,-64.4674203,0.257164739,654087.4,102,10211,0,0.172804533,0.027497321,122634,0.561904762,0.003882748,Anzoategui,Anaco,9.4292297
129,245,Casanay,148.125943,7.46749878,-15.06500244,6,Zone 6,14,14,-63.418372,0.206179349,278773.1,119,11911,0,0.140747577,0.010360025,35652,0.483516484,0.01080396,Sucre,Andres Eloy Blanco,10.5061661
166,246,San Jose de Areocuar,151.2707108,10.99438476,-8.01123048,6,Zone 6,14,12,-63.3182707,0.201261316,170724.3,119,11912,0,0.140423573,0.008802564,23073,0.53030303,0.006040435,Sucre,Andres Mata,10.605494
314,75,Ciudad Piar,150.9971374,-100.5547485,-231.1094971,6,Zone 6,14,3,-63.3269787,0.16147823,53132,106,10611,0,0.126241722,0.001486691,40927,1,0,Bolivar,Angostura,7.4498515
231,18,Aragua de Barcelona,103.7206947,-29.8031311,-89.60626221,6,Zone 6,12,18,-64.8318347,0.248804083,229435.4,102,10212,0,0.171734234,0.023920967,29168,0.62745098,0.001685357,Anzoategui,Aragua,9.4546148
214,247,Rio Caribe,157.8076858,14.2322998,-1.5354004,6,Zone 6,15,9,-63.1101924,0.171587183,231194.7,119,11913,0,0.12398374,0.006645276,67200,0.805555556,3.90E-05,Sucre,Arismendi,10.6966553
31,248,El Pilar,156.3890488,8.96871948,-12.06256104,6,Zone 6,15,10,-63.155349,0.173226528,208721.5,119,11914,0,0.12403416,0.007033942,31111,0.711111111,0.002325149,Sucre,Benitez,10.548449
195,249,Carupano,153.2192047,12.32571412,-5.34857176,6,Zone 6,14,10,-63.2562482,0.197436179,333346,119,11915,0,0.140229885,0.007313997,158798,0.6,0.005633191,Sucre,Bermudez,10.6429802
2,19,Barcelona,108.5636124,-5.36239624,-40.72479248,6,Zone 6,12,19,-64.67768,0.272268114,823444.6,102,10213,0,0.185185185,0.026914182,421424,0.561403509,0.05018502,Anzoategui,Bolivar,10.1445691
69,250,Marigüitar,132.9176926,5.33868408,-19.32263184,6,Zone 6,13,9,-63.9024653,0.223347918,185811.1,119,11916,0,0.159352142,0.008393452,31871,0.555555556,0.03035744,Sucre,Bolivar,10.4461969
218,209,Caripito,158.0312302,-6.68377686,-43.36755372,6,Zone 6,14,10,-63.1030766,0.206312058,153767.4,116,11613,0,0.142124884,0.009087398,38648,0.466666667,0.003403472,Monagas,Bolivar,10.1073045
176,20,Clarines,93.37791137,-12.61764526,-55.23529053,6,Zone 6,11,16,-65.1610557,0.273453268,259003.8,102,10214,0,0.195512821,0.026105383,32655,0.641666667,0.012414936,Anzoategui,Bruzual,9.9399061
266,22,Onoto,92.53887176,-24.67126465,-79.3425293,6,Zone 6,12,17,-65.1877633,0.261588957,122368.1,102,10216,0,0.182416268,0.024325594,13476,0.654411765,0.003167705,Anzoategui,Cajigal,9.5996036
223,251,Yaguaraparo,166.7618729,9.86178588,-10.27642824,6,Zone 6,15,8,-62.8251719,0.169401391,136697,119,11917,0,0.123883022,0.005525792,27915,0.785714286,0.001049192,Sucre,Cajigal,10.5736002
255,210,Caripe,145.3462509,-4.25872802,-38.51745604,6,Zone 6,14,10,-63.506852,0.203774977,113626.2,116,11614,0,0.141465677,0.009035031,33738,0.488888889,0.001347155,Monagas,Caripe,10.1756911
270,76,Ciudad Guayana,172.2750732,-68.25674438,-166.5134888,6,Zone 6,14,8,-62.6496813,0.175053562,394817.3,106,10612,0,0.127668481,0.003353196,1080000,0.25,0.029780618,Bolivar,Caroni,8.3663119
196,21,Valle de Guanape,77.23907775,-13.67559814,-57.35119629,6,Zone 6,11,11,-65.6747709,0.263890427,80886.5,102,10215,0,0.195262484,0.018677579,14653,0.690909091,0.007253183,Anzoategui,Carvajal,9.9100521
138,211,Caicara de Maturin,141.9662521,-17.16387939,-64.32775879,6,Zone 6,13,11,-63.614441,0.223119285,199392.5,116,11615,0,0.155295316,0.011551443,34463,0.654545455,0.00182022,Monagas,Cedeno,9.811596
184,139,Chaguaramas,58.93076705,-33.92059326,-97.84118652,6,Zone 6,10,11,-66.2575425,0.278264377,90944.3,112,11211,0,0.207765668,0.02175451,12966,0.381818182,0.041297116,Guarico,Chaguaramas,9.338241
287,78,El Palmar,195.5688903,-80.7442627,-191.4885254,6,Zone 6,15,4,-61.9082158,0.146665011,35152.2,106,10614,0,0.11355175,0.001664213,15488,0.666666667,0.008070426,Bolivar,Chien,8.0122195
318,252,Araya,122.0499206,9.98049926,-10.03900148,6,Zone 6,15,1,-64.2483975,0.156013413,13202.8,119,11918,0,0.123331985,8.64E-04,38936,0,0,Sucre,Cruz Salmeron Acosta,10.5769431
3,23,Lecheria,108.2830902,-3.36331176,-36.72662352,6,Zone 6,12,17,-64.6866092,0.266179121,358868.6,102,10217,0,0.18384569,0.0247331,37829,0.602941176,0.02784416,Anzoategui,Diego Bautista Urbaneja,10.2009391
80,79,El Callao,198.3605438,-103.9119873,-237.8239746,6,Zone 6,16,4,-61.819355,0.127829343,77349.8,106,10615,0,0.102143336,0.001458807,21769,0.666666667,0.002708017,Bolivar,El Callao,7.3544749
262,141,El Socorro,74.99850539,-45.8996582,-121.7993164,6,Zone 6,11,7,-65.7460905,0.230693823,67612.7,112,11213,0,0.17867604,0.005717775,17097,0.666666667,0.002152299,Guarico,El Socorro,8.9994514
169,24,Cantaura,118.8891266,-35.34906006,-100.6981201,6,Zone 6,13,17,-64.3490085,0.23839866,481511.2,102,10218,0,0.160864979,0.022816061,93121,0.639705882,7.12E-04,Anzoategui,Freites,9.297858
188,196,Cupira,76.49226151,-4.79089356,-39.58178712,6,Zone 6,11,15,-65.6985428,0.290226504,151706.6,115,11521,0,0.208761123,0.061701697,21831,0.504761905,0.143401154,Miranda,Gual,10.1606857
286,26,San Jose de Guanipa,124.375177,-49.61700439,-129.2340088,6,Zone 6,13,13,-64.1743823,0.233098113,275488,102,10220,0,0.161034847,0.015812987,76398,0.525641026,0.012125053,Anzoategui,Guanipa,8.8942524
27,25,Guanta,111.2614563,-2.17758178,-34.35516356,6,Zone 6,12,15,-64.591805,0.249529487,336191.4,102,10219,0,0.174985657,0.021282705,30891,0.695238095,0.006455981,Anzoategui,Guanta,10.2343685
147,81,Ciudad Bolivar,143.8790268,-78.0628357,-186.1256714,6,Zone 6,13,5,-63.5535552,0.193936901,396347.9,106,10617,0,0.143596987,0.003667772,342280,0.5,0.01856501,Bolivar,Heres,8.0882791
146,27,Soledad,143.4925552,-75.15319824,-180.3063965,6,Zone 6,13,5,-63.5658573,0.193936901,129969.8,102,10221,0,0.143596987,0.003667772,30016,0.5,0.01856501,Anzoategui,Independencia,8.1707969
248,145,Tucupido,74.25156555,-36.23727417,-102.4745483,6,Zone 6,11,9,-65.7698663,0.240334729,125514.5,112,11217,0,0.181331748,0.008642768,38408,0.555555556,0.002486568,Guarico,Jose Felix Ribas,9.2727457
185,144,Las Mercedes del Llano,54.53730698,-41.86392212,-113.7278442,6,Zone 6,11,6,-66.3973905,0.241592624,79118.8,112,11216,0,0.191823899,0.008196982,33025,0.666666667,0.001009497,Guarico,Las Mercedes,9.113625
237,143,Valle de la Pascua,67.66633301,-38.04196167,-106.0839233,6,Zone 6,11,7,-65.9794807,0.249754217,151941.1,112,11215,0,0.195387572,0.007171747,120889,0.714285714,0.002847012,Guarico,Leonardo Infante,9.2217178
190,28,San Mateo,112.3189178,-19.7019043,-69.40380859,6,Zone 6,12,22,-64.5581449,0.266071251,215518.1,102,10222,0,0.177738928,0.029193853,14437,0.545454545,0.01674949,Anzoategui,Libertad,9.7399431
216,212,Temblador,172.5845718,-45.62573242,-121.2514648,6,Zone 6,15,5,-62.6398294,0.170943155,108568.5,116,11616,0,0.125617792,0.002459079,45274,0.6,0.005167233,Monagas,Libertador,9.0072015
32,253,Tunapuy,157.8924728,9.88320922,-10.23358156,6,Zone 6,15,9,-63.1074935,0.171587183,128315.6,119,11919,0,0.12398374,0.006337255,15586,0.75,0.001699246,Sucre,Libertador,10.574203
224,254,Irapa,174.3843796,9.83932496,-10.32135008,6,Zone 6,15,7,-62.5825397,0.165849478,104973.4,119,11920,0,0.123581848,0.00465885,29338,0.80952381,3.83E-04,Sucre,Marino,10.5729676
265,213,Maturin,155.2554794,-19.93395996,-69.86791992,6,Zone 6,14,10,-63.1914317,0.204016976,271378.1,116,11617,0,0.142058687,0.008342133,542259,0.577777778,0.020305097,Monagas,Maturin,9.7333906
285,29,El Chaparro,97.94490052,-40.52023315,-111.0404663,6,Zone 6,12,12,-65.015684,0.227577059,67437.6,102,10223,0,0.162320383,0.014910803,9768,0.651515152,5.16E-04,Anzoategui,McGregor,9.1516307
70,255,San Antonio del Golfo,136.5214691,5.19720458,-19.60559084,6,Zone 6,14,10,-63.7877535,0.197057569,139144.1,119,11921,0,0.139715987,0.007759334,17300,0.666666667,0.003399948,Sucre,Mejia,10.4422105
284,30,Pariaguan,107.165966,-51.42538452,-132.850769,6,Zone 6,12,10,-64.7221683,0.222495091,154981.8,102,10224,0,0.161717922,0.01231149,43173,0.666666667,6.99E-04,Anzoategui,Miranda,8.8430661
281,256,Cumanacoa,132.4082153,-1.60110474,-33.20220948,6,Zone 6,14,9,-63.9186827,0.197436179,171348,119,11922,0,0.140358951,0.007148263,59889,0.583333333,3.44E-04,Sucre,Montes,10.25062
177,32,Puerto Piritu,97.19940262,-8.47808838,-46.95617676,6,Zone 6,12,16,-65.0394139,0.259403165,265872.8,102,10226,0,0.182198327,0.023397106,33437,0.658333333,0.002236417,Anzoategui,Penalver,10.0566953
259,214,Aragua de Maturin,145.9022827,-11.5585022,-53.1170044,6,Zone 6,14,10,-63.4891533,0.202760145,174934.8,116,11618,0,0.141662796,0.008934882,46610,0.688888889,3.20E-04,Monagas,Piar,9.9697917
271,82,Upata,180.0702301,-80.84695434,-191.6939087,6,Zone 6,15,4,-62.4015536,0.146665011,142551.6,106,10618,0,0.11355175,0.001664213,98274,0.666666667,0.008070426,Bolivar,Piar,8.0093062
178,33,Piritu,97.19940262,-8.47808838,-46.95617676,6,Zone 6,12,16,-65.0394139,0.259403165,210398,102,10227,0,0.182198327,0.023397106,23248,0.658333333,0.002236417,Anzoategui,Piritu,10.0566953
219,215,Quiriquire,154.3762573,-11.24752808,-52.49505615,6,Zone 6,14,8,-63.2194183,0.201940473,114788.8,116,11619,0,0.141860465,0.007761035,27954,0.75,7.35E-04,Monagas,Punceres,9.9785656
130,257,Cariaco,143.8633301,7.1687622,-15.6624756,6,Zone 6,14,13,-63.5540551,0.203993557,338006.1,119,11923,0,0.140617796,0.009398855,68192,0.487179487,0.011650378,Sucre,Ribero,10.4977514
81,83,Guasipati,196.0285583,-99.79116822,-229.5823364,6,Zone 6,16,4,-61.8935844,0.127829343,69283.6,106,10619,0,0.102143336,0.001458807,21750,0.666666667,0.002708017,Bolivar,Roscio,7.4715408
197,151,San Jose de Guaribe,72.94432297,-15.32351685,-60.64703369,6,Zone 6,11,7,-65.8114772,0.249741324,42606.1,112,11223,0,0.190505934,0.011873747,11426,0.523809524,8.95E-04,Guarico,San Jose de Guaribe,9.8635436
187,34,Boca de Uchire,85.26456985,-5.7552185,-41.510437,6,Zone 6,11,16,-65.4193115,0.28161214,92989,102,10228,0,0.200922266,0.042079177,9047,0.525,0.04345751,Anzoategui,San Juan de Capistrano,10.1334914
228,35,Santa Ana,109.027771,-35.04501343,-100.0900269,6,Zone 6,12,16,-64.6629053,0.237959572,101066.1,102,10229,0,0.163978495,0.021850981,9636,0.691666667,5.11E-04,Anzoategui,Santa Ana,9.3064535
8,216,Santa Barbara,142.1019608,-24.64007568,-79.28015137,6,Zone 6,13,17,-63.6101211,0.243207403,131073.4,116,11620,0,0.161975571,0.019437423,9809,0.485294118,0.022318165,Monagas,Santa Barbara,9.6004852
269,152,Santa Maria de Ipire,88.40992813,-52.30941772,-134.6188354,6,Zone 6,11,8,-65.3191917,0.241833558,51604.6,112,11224,0,0.182963407,0.00728249,13161,0.571428571,0.019558762,Guarico,Santa Maria de Ipire,8.81804
227,84,Tumeremo,208.1494445,-105.8424683,-241.6849365,6,Zone 6,17,2,-61.5077645,0.110687923,47489.9,106,10620,0,0.092733354,7.52E-04,90384,1,0,Bolivar,Sifontes,7.2996226
283,36,El Tigre,122.5344727,-50.04992676,-130.0998535,6,Zone 6,12,15,-64.2329738,0.242112578,475254.3,102,10230,0,0.165311653,0.017987679,182474,0.476190476,0.037006704,Anzoategui,Simon Rodriguez,8.8819995
28,37,Puerto la Cruz,109.9526894,-3.36828614,-36.73657228,6,Zone 6,12,18,-64.6334643,0.27199489,597242.3,102,10231,0,0.185410334,0.025096355,244728,0.490196078,0.068264129,Anzoategui,Sotillo,10.2007985
257,217,Barrancas del Orinoco,186.3677444,-56.44537354,-142.8907471,6,Zone 6,15,4,-62.2010974,0.150021763,59812,116,11621,0,0.114446529,0.001748703,24238,0.833333333,8.62E-05,Monagas,Sotillo,8.7009358
251,258,Cumana,124.0945175,4.83181762,-20.33636476,6,Zone 6,13,9,-64.183316,0.223347918,496028.5,119,11924,0,0.159352142,0.009854983,588919,0.444444444,0.030674425,Sucre,Sucre,10.431916
288,113,Tucupita,191.2462234,-43.43518066,-116.8703613,6,Zone 6,16,3,-62.0458106,0.141388707,45765.5,110,11014,0,0.111721612,0.001261563,102877,1,0,Delta Amacuro,Tucupita,9.0691769
217,218,Uracoa,181.6233811,-46.0340271,-122.0680542,6,Zone 6,15,5,-62.3521152,0.170943155,39460.6,116,11622,0,0.125617792,0.002459079,9625,0.6,0.005167233,Monagas,Uracoa,8.9956488
260,259,Güiria,183.1438339,10.26593018,-9.46813964,6,Zone 6,16,4,-62.3037176,0.141932553,59836.1,119,11925,0,0.110507246,0.002567032,64511,1,0,Sucre,Valdez,10.584981
9,219,Punta de Mata,141.8705338,-21.46240234,-72.92480469,6,Zone 6,13,17,-63.6174879,0.243207403,423847.5,116,11623,0,0.161975571,0.019437423,62751,0.485294118,0.022318165,Monagas,Zamora,9.6902315
267,153,Zaraza,88.19221343,-33.47772217,-96.95544434,6,Zone 6,11,14,-65.3261218,0.254706314,184881.7,112,11225,0,0.183956574,0.016686291,62027,0.494505495,0.006952887,Guarico,Zaraza,9.3507596
295,38,Achaguas,-2.853233098,-88.86239624,-207.7247925,7,Zone 7,12,4,-68.2241882,0.173292291,79872.4,103,10311,0,0.147771318,0.001755017,58516,1,0,Apure,Achaguas,7.7818575
6,39,Biruaca,19.35710851,-86.71981812,-203.4396362,7,Zone 7,12,5,-67.5172111,0.174931635,251802.6,103,10312,0,0.147842947,0.002128531,54323,0.8,1.19E-05,Apure,Biruaca,7.8426683
235,140,Camaguan,16.45472832,-77.28063964,-184.5612793,7,Zone 7,11,6,-67.6095967,0.211238734,98891.5,112,11212,0,0.173000567,0.003180366,24391,0.666666667,0.007161796,Guarico,Camaguan,8.1104639
200,40,San Juan de Payara,16.50154209,-93.65716552,-217.314331,7,Zone 7,12,4,-67.6081066,0.173292291,91488.7,103,10313,0,0.147771318,0.001755017,28966,1,0,Apure,Camejo,7.6457404
301,142,Calabozo,22.54012585,-48.77764893,-127.5552979,7,Zone 7,10,7,-67.4158925,0.266657559,148143.6,112,11214,0,0.207907294,0.030038212,141987,0.428571429,0.032067209,Guarico,Francisco de Miranda,8.9180089
7,44,San Fernando de Apure,20.85503254,-85.38006592,-200.7601318,7,Zone 7,11,6,-67.4695307,0.211238734,312548.1,103,10317,0,0.173000567,0.003180366,165135,0.666666667,0.007161796,Apure,San Fernando,7.8806888
312,150,Guayabal,32.64891242,-78.7866211,-187.5732422,7,Zone 7,11,4,-67.0941198,0.207960045,37573.7,112,11222,0,0.172804533,0.002467362,20206,0.833333333,0.00178747,Guarico,San Geronimo de Guayabal,8.06775
64,220,La Plaza de Paraguachi,134.2171417,28.52468872,27.04937744,8,Zone 8,2,8,-63.8611027,0.9,316811.3,117,11711,1,0.833333333,0.004931392,28294,0.857142857,9.89E-06,Nueva Esparta,Antolin del Campo,11.0987174
43,222,San Juan,131.8037201,25.45709228,20.91418456,8,Zone 8,1,10,-63.9379244,1,534273.3,117,11713,1,1,0.00595926,71466,0.777777778,3.18E-05,Nueva Esparta,Antonio Diaz,11.0124684
102,221,La Asuncion,134.3099487,26.02572632,22.05145264,8,Zone 8,2,5,-63.8581485,0.75,138152.4,117,11712,1,0.666666667,0.003290076,28309,1,0,Nueva Esparta,Arismendi,11.028458
98,223,El Valle,133.6602585,24.34307862,18.68615724,8,Zone 8,2,7,-63.8788287,0.85,324616.7,117,11714,1,0.769230769,0.004481625,68490,0.904761905,4.47E-06,Nueva Esparta,Garcia,10.9811398
44,224,Santa Ana,132.3607269,27.42764282,24.85528564,8,Zone 8,2,8,-63.9201942,0.9,397497.3,117,11715,1,0.833333333,0.004931392,40409,0.857142857,9.89E-06,Nueva Esparta,Gomez,11.0678757
84,228,Boca de Rio,124.1573318,23.83139038,17.66278076,8,Zone 8,1,10,-64.1813165,1,248111.3,117,11719,1,1,0.00595926,26423,0.777777778,3.18E-05,Nueva Esparta,Macanao,10.9667492
65,225,Pampatar,135.6926331,24.7668457,19.5336914,8,Zone 8,2,7,-63.8141362,0.85,291014.8,117,11716,1,0.769230769,0.004481625,48952,0.904761905,4.47E-06,Nueva Esparta,Maneiro,10.9930572
56,226,Juan Griego,130.8752792,27.9517212,25.9034424,8,Zone 8,2,9,-63.9674774,0.95,358937.6,117,11717,1,0.909090909,0.005404725,35691,0.777777778,2.51E-05,Nueva Esparta,Marcano,11.0826098
144,227,Porlamar,134.6811768,23.77676392,17.55352784,8,Zone 8,2,7,-63.846332,0.85,330727.7,117,11718,1,0.769230769,0.004481625,97667,0.904761905,4.47E-06,Nueva Esparta,Marino,10.9652127
85,229,Punta de Piedras,127.1604858,21.51223754,13.02447508,8,Zone 8,1,10,-64.0857232,1,389018.5,117,11720,1,1,0.00595926,36924,0.777777778,3.18E-05,Nueva Esparta,Tubores,10.9015165
311,230,Coche,131.5252029,17.29614258,4.59228516,8,Zone 8,2,9,-63.9467899,0.95,37145.1,117,11721,1,0.909090909,0.005404725,8985,0.777777778,2.51E-05,Nueva Esparta,Villalba,10.7828902
315,77,Caicara del Orinoco,62.38863144,-94.81384278,-219.6276856,9,Zone 9,1,1,-66.1474752,1,8554.5,106,10613,2,1,2.72E-04,67000,0,0,Bolivar,Cedeno,7.6128972
316,85,Maripa,92.49225539,-101.7659607,-233.5319214,9,Zone 9,1,1,-65.1892471,1,8554.5,106,10621,2,1,2.72E-04,20359,0,0,Bolivar,Sucre,7.4154444
319,288,Pregonero,-114.0512421,-80.62615966,-191.2523193,10,Isolated,0,0,-71.7637309,0,0,120,12039,3,0,0,20104,0,0,Tachira,Uribante,8.0155697
320,31,Mapire,107.445266,-90.20275878,-210.4055176,11,Isolated,0,0,-64.7132781,0,0,102,10225,4,0,0,17534,0,0,Anzoategui,Monagas,7.7438108
321,167,Canagua,-104.4663094,-76.55215454,-183.1043091,12,Isolated,0,0,-71.458633,0,0,114,11415,5,0,0,13083,0,0,Merida,Arzobispo Chacon,8.131124
322,12,Puerto Ayacucho,17.29737625,-163.394455,-356.7889099,13,Isolated,0,0,-67.5827744,0,0,101,10113,6,0,0,104228,0,0,Amazonas,Atures,5.6614718
323,80,Santa Elena de Uairen,220.791069,-200.3707581,-430.7415161,14,Isolated,0,0,-61.1053691,0,0,106,10616,7,0,0,28450,0,0,Bolivar,Gran Sabana,4.6064435
324,10,La Esmeralda,81.30879823,-250.4700622,-530.9401244,15,Isolated,0,0,-65.5452276,0,0,101,10111,8,0,0,12687,0,0,Amazonas,Alto Orinoco,3.1745496
325,11,San Fernando de Atabapo,13.66652098,-220.0758057,-470.1516113,16,Isolated,0,0,-67.6983481,0,0,101,10112,9,0,0,9169,0,0,Amazonas,Atabapo,4.0435454
326,13,Isla Raton,10.13269472,-181.9802856,-393.9605713,17,Isolated,0,0,-67.8108333,0,0,101,10114,10,0,0,8352,0,0,Amazonas,Autana,5.1313889
327,14,San Juan de Manapiare,65.28544465,-175.2160797,-380.4321594,18,Isolated,0,0,-66.0552668,0,0,101,10115,11,0,0,7715,0,0,Amazonas,Manapiare,5.3243627
328,15,Maroa,29.65406342,-266.7706604,-563.5413208,19,Isolated,0,0,-67.1894488,0,0,101,10116,12,0,0,2029,0,0,Amazonas,Maroa,2.708188
329,16,San Carlos de Rio Negro,33.86547661,-294.3428344,-618.6856688,20,Isolated,0,0,-67.0553953,0,0,101,10117,13,0,0,2300,0,0,Amazonas,Rio Negro,1.9189532
330,110,Curiapo,224.1521714,-60.7060852,-151.4121704,21,Isolated,0,0,-60.9983817,0,0,110,11011,14,0,0,26655,0,0,Delta Amacuro,Antonio Diaz,8.5802612
331,111,Sierra Imataca,185.9072936,-66.29226684,-162.5845337,22,Isolated,0,0,-62.215754,0,0,110,11012,15,0,0,31706,0,0,Delta Amacuro,Casacoima,8.4219872
332,112,Pedernales,187.3806016,-22.68115234,-75.36230469,23,Isolated,0,0,-62.1688572,0,0,110,11013,16,0,0,6438,0,0,Delta Amacuro,Pedernales,9.6558135
333,166,Aricagua,-93.86192779,-73.36257934,-176.7251587,24,Isolated,0,0,-71.121085,0,0,114,11414,17,0,0,4242,0,0,Merida,Aricagua,8.2215699
334,325,El Toro,-110.3472084,23.51321412,17.02642824,25,Isolated,0,0,-71.6458278,0,0,124,12411,18,0,0,11929,0,0,Zulia,Almirante Padilla,10.9578009
335,330,Pueblo Nuevo-El Chivo,-110.4782822,-47.6472168,-125.2944336,26,Isolated,0,0,-71.65,0,0,124,12416,19,0,0,33942,0,0,Zulia,Francisco Javier Pulgar,8.95